code_name,SMILES,Partial charge,Atom SASA,Buried volume,H bond H2O,Fukui+,Fukui-,Electrophil.,Normaliz. electrophil.,Normaliz. nucleophil.,Fukui_rad,Fukui dual,Dipole moment,Coord. numbers,Atom Polarizability,Atom FOD,Atom dispersion,Pyramidalization,Pyramidaliz. volume,HOMO-LUMO gap,HOMO,LUMO,IP,EA,Dipole module,SASA,G solv. in H2O,G of H-bonds H2O,Fermi-level,Polarizability,Total FOD,Hardness,Softness,Dispersion area,Dispersion volume,Chem. potential,Electrophilicity,Electrofugality,Nucleofugality,S0-T1 gap
mol_100,CC(C)c1ccccc1,"[-0.1365, -0.0641, -0.1364, -0.006, -0.0451, -0.0426, -0.0478, -0.0437, -0.0509, 0.0487, 0.0548, 0.0516, 0.0429, 0.0548, 0.0516, 0.0487, 0.0426, 0.0451, 0.0439, 0.045, 0.0434]","[14.4803, 0.01, 14.4403, 0.6000000000000001, 8.9502, 16.4004, 16.6004, 16.5204, 12.4103, 13.11, 19.13, 18.99, 13.43, 19.18, 19.02, 13.13, 11.29, 22.4799, 22.4899, 22.4999, 17.39]","[None, None, None, None, None, None, None, None, None, None, None, None, None, None, None, None, None, None, None, None, None]","[0.0, 0.0, 0.0, 0.0, 0.0, 0.0, 0.0, 0.0, 0.0, -0.03, -0.03, -0.04, -0.01, -0.03, -0.04, -0.02, -0.02, -0.02, -0.02, -0.02, -0.02]","[-0.016, -0.006, -0.016, 0.084, 0.054, 0.053, 0.064, 0.056, 0.051000000000000004, 0.018000000000000002, 0.018000000000000002, 0.044, 0.038, 0.018000000000000002, 0.044, 0.018000000000000002, 0.095, 0.096, 0.099, 0.096, 0.094]","[-0.009000000000000001, 0.011, -0.009000000000000001, 0.059000000000000004, 0.031, 0.03, 0.064, 0.033, 0.029, 0.05, 0.051000000000000004, 0.061, 0.07, 0.051000000000000004, 0.061, 0.05, 0.066, 0.076, 0.08, 0.077, 0.067]","[-0.0041, 0.0001, -0.0041, 0.0234, 0.0146, 0.013900000000000001, 0.02, 0.0149, 0.013600000000000001, 0.0091, 0.009000000000000001, 0.015700000000000002, 0.015300000000000001, 0.009000000000000001, 0.015700000000000002, 0.0091, 0.0267, 0.0279, 0.0291, 0.027800000000000002, 0.0263]","[-0.0083, -0.0031000000000000003, -0.0083, 0.043500000000000004, 0.0279, 0.0274, 0.033100000000000004, 0.029, 0.0264, 0.009300000000000001, 0.009300000000000001, 0.0228, 0.019700000000000002, 0.009300000000000001, 0.0228, 0.009300000000000001, 0.0492, 0.0497, 0.0512, 0.0497, 0.048600000000000004]","[0.07740000000000001, -0.0946, 0.07740000000000001, -0.5076, -0.2667, -0.2581, -0.5507000000000001, -0.28390000000000004, -0.2495, -0.4302, -0.4388, -0.5249, -0.6023000000000001, -0.4388, -0.5249, -0.4302, -0.5679000000000001, -0.6539, -0.6883, -0.6625, -0.5765]","[-0.012, 0.003, -0.012, 0.07100000000000001, 0.043000000000000003, 0.041, 0.064, 0.044, 0.04, 0.034, 0.034, 0.053, 0.054, 0.034, 0.053, 0.034, 0.081, 0.08600000000000001, 0.09, 0.08600000000000001, 0.08]","[-0.007, -0.017, -0.007, 0.025, 0.023, 0.023, 0.0, 0.023, 0.022, -0.032, -0.033, -0.017, -0.032, -0.033, -0.017, -0.032, 0.029, 0.02, 0.019, 0.019, 0.027]","[0.41500000000000004, 0.3569, 0.41500000000000004, 0.209, 0.1537, 0.20170000000000002, 0.1947, 0.1986, 0.1675, 0.1258, 0.129, 0.1327, 0.1703, 0.129, 0.1327, 0.1258, 0.22490000000000002, 0.23850000000000002, 0.24080000000000001, 0.2391, 0.22970000000000002]","[3.7560000000000002, 3.855, 3.7560000000000002, 2.973, 2.925, 2.919, 2.92, 2.919, 2.926, 0.925, 0.925, 0.925, 0.924, 0.925, 0.925, 0.925, 0.926, 0.926, 0.926, 0.926, 0.925]","[6.763, 6.485, 6.763, 8.645, 8.809, 8.798, 8.806000000000001, 8.796, 8.825, 2.465, 2.497, 2.478, 2.515, 2.497, 2.478, 2.465, 2.519, 2.5380000000000003, 2.539, 2.536, 2.5460000000000003]","[0.0006000000000000001, 0.0007, 0.0006000000000000001, 0.0055000000000000005, 0.0053, 0.0048000000000000004, 0.0053, 0.005, 0.0051, 0.0001, 0.0001, 0.0001, 0.0002, 0.0001, 0.0001, 0.0001, 0.0002, 0.0002, 0.0002, 0.0002, 0.0002]","[19.9358, 30.5297, 20.2905, 29.7164, 25.1912, 21.8798, 21.2562, 21.0994, 23.9761, 14.9403, 14.9723, 13.2759, 16.9418, 15.1241, 13.1683, 15.1062, 16.2143, 13.8163, 13.347, 13.4152, 14.973]","[None, None, None, None, None, None, None, None, None, None, None, None, None, None, None, None, None, None, None, None, None]","[None, None, None, None, None, None, None, None, None, None, None, None, None, None, None, None, None, None, None, None, None]",11.4687,-9.648,1.8207,8.6042,-1.9834,0.3044,312.5519,-0.8,-0.30000000000000004,-8.264,102.7637,0.0347,10.5876,0.0945,204.0728,187.4701,-3.3104,0.5175000000000001,9.1217,2.5009,109.41
mol_1000,Cc1ccc(O)cc1,"[-0.15, -0.0066, -0.0448, -0.054200000000000005, 0.0009000000000000001, -0.054, -0.0668, -0.0455, 0.0553, 0.055200000000000006, 0.0589, 0.0449, 0.0475, 0.07050000000000001, 0.0439, 0.044700000000000004]","[17.0204, 4.7101, 14.3203, 15.6004, 7.4602, 36.1486, 15.3404, 14.3503, 18.28, 18.29, 22.2099, 18.17, 20.11, 18.79, 18.47, 18.21]","[None, None, None, None, None, None, None, None, None, None, None, None, None, None, None, None]","[0.0, 0.0, 0.0, 0.0, -0.01, -0.27, 0.0, 0.0, -0.05, -0.05, -0.08, -0.03, -0.04, -3.15, -0.03, -0.03]","[-0.032, 0.059000000000000004, 0.066, 0.066, 0.052000000000000005, 0.06, 0.065, 0.066, 0.05, 0.05, 0.057, 0.099, 0.099, 0.046, 0.098, 0.099]","[-0.026000000000000002, 0.078, 0.03, 0.041, 0.061, 0.131, 0.037, 0.034, 0.074, 0.073, 0.109, 0.073, 0.076, 0.061, 0.074, 0.074]","[-0.009000000000000001, 0.0199, 0.0161, 0.017400000000000002, 0.016800000000000002, 0.0257, 0.0166, 0.0165, 0.0176, 0.0176, 0.022600000000000002, 0.027100000000000003, 0.0273, 0.015300000000000001, 0.027, 0.0273]","[-0.0149, 0.0275, 0.0308, 0.0308, 0.024200000000000003, 0.028, 0.0303, 0.0308, 0.0233, 0.0233, 0.026600000000000002, 0.0461, 0.0461, 0.021400000000000002, 0.045700000000000005, 0.0461]","[0.214, -0.6419, -0.2469, -0.33740000000000003, -0.502, -1.078, -0.3045, -0.2798, -0.6089, -0.6007, -0.897, -0.6007, -0.6254000000000001, -0.502, -0.6089, -0.6089]","[-0.029, 0.069, 0.048, 0.054, 0.057, 0.096, 0.051000000000000004, 0.05, 0.062, 0.062, 0.083, 0.08600000000000001, 0.08700000000000001, 0.053, 0.08600000000000001, 0.08700000000000001]","[-0.006, -0.019, 0.036000000000000004, 0.025, -0.009000000000000001, -0.07100000000000001, 0.028, 0.032, -0.024, -0.023, -0.052000000000000005, 0.026000000000000002, 0.023, -0.015, 0.024, 0.025]","[0.30720000000000003, 0.2291, 0.1701, 0.1903, 0.4953, 0.3541, 0.1595, 0.17, 0.13770000000000002, 0.1384, 0.1441, 0.23170000000000002, 0.2359, 0.19190000000000002, 0.2441, 0.23120000000000002]","[3.757, 2.965, 2.926, 2.918, 2.847, 1.659, 2.917, 2.926, 0.925, 0.925, 0.924, 0.926, 0.926, 0.805, 0.925, 0.926]","[6.782, 8.659, 8.83, 8.886, 8.182, 6.154, 8.949, 8.832, 2.431, 2.436, 2.409, 2.48, 2.3970000000000002, 1.343, 2.5620000000000003, 2.503]","[0.0005, 0.0064, 0.0059, 0.0066, 0.0054, 0.0032, 0.0063, 0.0061, 0.0002, 0.0002, 0.0006000000000000001, 0.0001, 0.0001, 0.0, 0.0001, 0.0001]","[19.4821, 25.1072, 22.2149, 21.5166, 22.9731, 14.5262, 21.7955, 22.4006, 13.0011, 13.0078, 13.1289, 14.4857, 13.6297, 11.983, 13.6931, 14.4853]","[None, None, None, None, None, None, None, None, None, None, None, None, None, None, None, None]","[None, None, None, None, None, None, None, None, None, None, None, None, None, None, None, None]",10.8722,-9.0216,1.8506,8.229,-2.0408,1.6078999999999999,277.4803,-5.72,-3.8,-8.0722,83.8358,0.041600000000000005,10.2698,0.0974,169.3873,150.4572,-3.0941,0.4661,8.6951,2.5069,102.3
mol_1001,CCOC=O,"[-0.126, -0.025500000000000002, -0.0089, -0.0239, -0.1395, 0.058, 0.0568, 0.0563, 0.054200000000000005, 0.051000000000000004, 0.047400000000000005]","[17.5592, 6.7424, 19.2597, 21.1358, 41.7979, 21.844, 16.2949, 21.2747, 20.4339, 15.3701, 23.3905]","[None, None, None, None, None, None, None, None, None, None, None]","[0.0, 0.0, -0.04, -0.0771, -0.3529, -0.12710000000000002, -0.0776, -0.11180000000000001, -0.1506, -0.08, -0.0729]","[-0.0204, -0.033100000000000004, 0.1486, 0.16640000000000002, 0.3206, 0.049600000000000005, 0.0158, 0.0405, 0.0678, 0.0402, 0.2033]","[-0.014100000000000001, -0.0187, 0.1, -0.0007, 0.21230000000000002, 0.09960000000000001, 0.12010000000000001, 0.10210000000000001, 0.1322, 0.0941, 0.17350000000000002]","[-0.005200000000000001, -0.0081, 0.0375, 0.030600000000000002, 0.0805, 0.0194, 0.0151, 0.0179, 0.025900000000000003, 0.017, 0.055]","[-0.0108, -0.0175, 0.0786, 0.0881, 0.16970000000000002, 0.0263, 0.0083, 0.021400000000000002, 0.0359, 0.0213, 0.1076]","[0.1438, 0.1905, -1.0181, 0.007200000000000001, -2.1614, -1.0142, -1.223, -1.0392, -1.3461, -0.9573, -1.7663000000000002]","[-0.0171, -0.0261, 0.12430000000000001, 0.083, 0.26630000000000004, 0.075, 0.0679, 0.0713, 0.0998, 0.0673, 0.1882]","[-0.0063, -0.014400000000000001, 0.048600000000000004, 0.1671, 0.10830000000000001, -0.05, -0.1044, -0.061500000000000006, -0.0644, -0.0538, 0.0298]","[0.45580000000000004, 0.5614, 0.4415, 0.451, 0.3448, 0.1389, 0.1336, 0.1406, 0.16740000000000002, 0.1589, 0.23220000000000002]","[3.7503, 3.7029, 1.7023000000000001, 2.6649000000000003, 0.856, 0.925, 0.925, 0.925, 0.924, 0.924, 0.923]","[6.8078, 6.308, 5.7372, 7.5416, 6.1785, 2.3411, 2.3093, 2.3449, 2.3182, 2.3125999999999998, 2.5238]","[0.0004, 0.0004, 0.0014, 0.0037, 0.005, 0.0001, 0.0001, 0.0001, 0.0002, 0.0002, 0.0007]","[17.4408, 19.3227, 16.2533, 16.8256, 12.877, 11.582699999999999, 12.9062, 11.7897, 12.532399999999999, 13.5242, 10.867]","[None, None, None, None, None, None, None, None, None, None, None]","[None, None, None, None, None, None, None, None, None, None, None]",13.5658,-10.7362,2.8296,10.1811,-2.7747,2.3052,225.1033,-3.4112,-1.1318,-9.1416,46.7222,0.0123,12.9558,0.0772,128.1767,104.4154,-3.7032,0.5293,10.7104,3.3039,129.5247
mol_1002,CN(C)c1ccccc1,"[-0.1394, 0.0826, -0.1395, -0.041, -0.0679, -0.0454, -0.063, -0.0454, -0.0679, 0.056400000000000006, 0.0553, 0.0516, 0.0553, 0.0565, 0.0514, 0.036000000000000004, 0.0443, 0.04, 0.0443, 0.036000000000000004]","[15.4104, 2.75, 15.4104, 5.5601, 11.7503, 16.3304, 16.8004, 16.3104, 11.7703, 16.07, 15.98, 18.8, 16.01, 16.04, 18.79, 11.19, 22.3299, 22.5699, 22.3299, 11.23]","[None, None, None, None, None, None, None, None, None, None, None, None, None, None, None, None, None, None, None, None]","[0.0, 0.0, 0.0, 0.0, 0.0, 0.0, 0.0, 0.0, 0.0, -0.06, -0.07, -0.03, -0.07, -0.06, -0.03, -0.01, -0.01, 0.0, -0.01, -0.01]","[-0.03, 0.051000000000000004, -0.03, 0.053, 0.059000000000000004, 0.066, 0.039, 0.066, 0.059000000000000004, 0.022, 0.045, 0.029, 0.045, 0.022, 0.029, 0.093, 0.098, 0.092, 0.098, 0.093]","[-0.045, 0.154, -0.045, 0.02, 0.037, 0.025, 0.062, 0.025, 0.037, 0.062, 0.058, 0.078, 0.058, 0.062, 0.078, 0.059000000000000004, 0.068, 0.077, 0.068, 0.059000000000000004]","[-0.0088, 0.022600000000000002, -0.0088, 0.0103, 0.0128, 0.0129, 0.012100000000000001, 0.0129, 0.0128, 0.009300000000000001, 0.012700000000000001, 0.0118, 0.012700000000000001, 0.009300000000000001, 0.0118, 0.020200000000000003, 0.0218, 0.0218, 0.0218, 0.020200000000000003]","[-0.0091, 0.0155, -0.0091, 0.0161, 0.0179, 0.02, 0.0118, 0.02, 0.0179, 0.0067, 0.0137, 0.0088, 0.0137, 0.0067, 0.0088, 0.028200000000000003, 0.0297, 0.0279, 0.0297, 0.028200000000000003]","[0.3251, -1.1124, 0.3251, -0.14450000000000002, -0.26730000000000004, -0.1806, -0.4479, -0.1806, -0.26730000000000004, -0.4479, -0.419, -0.5634, -0.419, -0.4479, -0.5634, -0.4262, -0.4912, -0.5562, -0.4912, -0.4262]","[-0.037, 0.10300000000000001, -0.037, 0.037, 0.048, 0.046, 0.051000000000000004, 0.046, 0.048, 0.042, 0.052000000000000005, 0.053, 0.052000000000000005, 0.042, 0.053, 0.076, 0.083, 0.085, 0.083, 0.076]","[0.015, -0.10300000000000001, 0.015, 0.033, 0.022, 0.041, -0.023, 0.041, 0.022, -0.04, -0.013000000000000001, -0.049, -0.013000000000000001, -0.04, -0.049, 0.034, 0.03, 0.015, 0.03, 0.034]","[0.4716, 0.2902, 0.4717, 0.31820000000000004, 0.1841, 0.19690000000000002, 0.21880000000000002, 0.19690000000000002, 0.1841, 0.1217, 0.14170000000000002, 0.11910000000000001, 0.1418, 0.1218, 0.11910000000000001, 0.23770000000000002, 0.2394, 0.23950000000000002, 0.2394, 0.23770000000000002]","[3.697, 2.733, 3.697, 2.914, 2.924, 2.92, 2.917, 2.92, 2.924, 0.924, 0.925, 0.924, 0.925, 0.924, 0.924, 0.926, 0.926, 0.926, 0.926, 0.926]","[6.625, 7.159, 6.625, 8.461, 8.919, 8.8, 8.862, 8.8, 8.919, 2.396, 2.414, 2.487, 2.414, 2.396, 2.487, 2.568, 2.581, 2.593, 2.581, 2.568]","[0.00030000000000000003, 0.013800000000000002, 0.00030000000000000003, 0.0053, 0.0105, 0.007500000000000001, 0.0089, 0.007500000000000001, 0.0105, 0.0005, 0.0, 0.0009000000000000001, 0.0, 0.0005, 0.0009000000000000001, 0.0001, 0.0001, 0.0, 0.0001, 0.0001]","[19.6477, 25.1627, 20.2375, 27.2704, 23.6302, 21.3325, 21.0666, 21.3729, 23.7182, 14.4594, 13.0478, 14.7445, 12.989, 14.4726, 14.7768, 16.157, 13.3811, 13.3554, 13.5406, 16.0436]","[None, None, None, None, None, None, None, None, None, None, None, None, None, None, None, None, None, None, None, None]","[None, None, None, None, None, None, None, None, None, None, None, None, None, None, None, None, None, None, None, None]",9.8339,-7.7334,2.1005,7.2237,-2.3922,1.959,303.4321,-2.19,-0.37,-7.3868,100.6554,0.06770000000000001,9.6159,0.10400000000000001,194.2658,178.5578,-2.4158,0.3034,7.5271,2.6955999999999998,95.69
mol_1008,C=CC#N,"[-0.0251, -0.0574, 0.0097, -0.08080000000000001, 0.0487, 0.047900000000000005, 0.057]","[33.0708, 15.8904, 26.5206, 57.9394, 20.26, 22.9599, 22.4399]","[None, None, None, None, None, None, None]","[0.0, 0.0, -0.02, -0.16, -0.14, -0.2, -0.22]","[0.117, 0.096, 0.083, 0.279, 0.138, 0.148, 0.138]","[0.046, 0.061, 0.064, 0.335, 0.156, 0.171, 0.167]","[0.039900000000000005, 0.0352, 0.032100000000000004, 0.12190000000000001, 0.0591, 0.0641, 0.060200000000000004]","[0.11560000000000001, 0.09480000000000001, 0.082, 0.2756, 0.1363, 0.1462, 0.1363]","[-0.4872, -0.6461, -0.6779000000000001, -3.5482, -1.6522999999999999, -1.8111000000000002, -1.7688000000000001]","[0.082, 0.078, 0.074, 0.307, 0.147, 0.16, 0.152]","[0.07100000000000001, 0.035, 0.019, -0.056, -0.018000000000000002, -0.023, -0.029]","[0.08, 0.0998, 0.4908, 0.16690000000000002, 0.2354, 0.23470000000000002, 0.2771]","[2.849, 2.886, 1.907, 0.911, 0.926, 0.926, 0.925]","[8.898, 8.743, 8.575, 7.3629999999999995, 2.313, 2.338, 2.283]","[0.0137, 0.0089, 0.0049, 0.0195, 0.00030000000000000003, 0.0004, 0.0005]","[15.8978, 17.8788, 17.7006, 12.2391, 11.838, 10.9047, 11.9647]","[None, None, None, None, None, None, None]","[None, None, None, None, None, None, None]",10.7652,-10.1629,0.6023000000000001,10.5915,-1.0148,3.8703000000000003,199.081,-6.66,-0.73,-9.6592,40.5134,0.0482,11.606300000000001,0.0862,103.053,80.0908,-4.7884,0.9878,11.5793,2.0026,98.92
mol_1013,BrCCBr,"[0.1183, -0.193, -0.193, 0.1183, 0.0375, 0.0371, 0.0371, 0.0375]","[80.529, 4.5123, 4.4744, 80.6881, 18.1641, 18.1069, 18.1055, 18.1167]","[None, None, None, None, None, None, None, None]","[-0.09, 0.0, 0.0, -0.09, -0.1507, -0.15, -0.15, -0.1507]","[0.3004, -0.004, -0.004, 0.3004, 0.1024, 0.10210000000000001, 0.10210000000000001, 0.1024]","[0.3509, -0.034, -0.034, 0.3509, 0.0922, 0.0918, 0.0918, 0.0922]","[0.1385, -0.0054, -0.0054, 0.1385, 0.0438, 0.0437, 0.0437, 0.0438]","[0.3014, -0.004, -0.004, 0.3014, 0.10260000000000001, 0.1024, 0.1024, 0.10260000000000001]","[-3.4143, 0.3306, 0.3306, -3.4143, -0.8975000000000001, -0.8936000000000001, -0.8936000000000001, -0.8975000000000001]","[0.3257, -0.019, -0.019, 0.3257, 0.09730000000000001, 0.097, 0.097, 0.09730000000000001]","[-0.0504, 0.03, 0.03, -0.0504, 0.0102, 0.0103, 0.0103, 0.0102]","[0.18680000000000002, 0.3976, 0.3976, 0.18680000000000002, 0.1923, 0.1925, 0.1925, 0.1923]","[1.0003, 3.8225, 3.8225, 1.0003, 0.926, 0.926, 0.926, 0.926]","[22.2106, 6.3833, 6.3833, 22.2106, 2.2443, 2.2428, 2.2428, 2.2443]","[0.0146, 0.0031000000000000003, 0.0031000000000000003, 0.0146, 0.0001, 0.0001, 0.0001, 0.0001]","[17.2921, 24.4979, 24.2913, 17.2258, 16.1477, 15.861, 16.1, 16.1521]","[None, None, None, None, None, None, None, None]","[None, None, None, None, None, None, None, None]",11.8632,-11.0307,0.8325,9.7306,-0.6188,0.0538,242.6968,-1.4748,-0.7616,-9.2863,66.162,0.036000000000000004,10.3495,0.0966,143.3102,124.7006,-4.5559,1.003,10.7337,1.6218,110.1023
mol_1032,Brc1ccccc1Br,"[0.1373, -0.154, -0.0471, -0.0316, -0.0315, -0.0471, -0.15380000000000002, 0.1371, 0.0459, 0.0494, 0.0494, 0.0459]","[69.7812, 5.1801, 14.6203, 16.4704, 16.4404, 14.6903, 5.1901, 69.8312, 18.32, 22.4899, 22.4899, 18.3]","[None, None, None, None, None, None, None, None, None, None, None, None]","[-0.07, 0.0, 0.0, 0.0, 0.0, 0.0, 0.0, -0.07, -0.13, -0.18, -0.18, -0.13]","[0.159, 0.057, 0.041, 0.06, 0.06, 0.041, 0.057, 0.159, 0.088, 0.096, 0.096, 0.088]","[0.266, 0.031, 0.02, 0.044, 0.044, 0.02, 0.031, 0.266, 0.064, 0.076, 0.076, 0.064]","[0.0863, 0.023, 0.0161, 0.0257, 0.0257, 0.0161, 0.023, 0.0863, 0.0376, 0.041800000000000004, 0.041800000000000004, 0.0376]","[0.15810000000000002, 0.0567, 0.0408, 0.0596, 0.0596, 0.0408, 0.0567, 0.15810000000000002, 0.08750000000000001, 0.0954, 0.0954, 0.08750000000000001]","[-2.3929, -0.27890000000000004, -0.1799, -0.39580000000000004, -0.39580000000000004, -0.1799, -0.27890000000000004, -2.3929, -0.5757, -0.6837000000000001, -0.6837000000000001, -0.5757]","[0.212, 0.044, 0.03, 0.052000000000000005, 0.052000000000000005, 0.03, 0.044, 0.212, 0.076, 0.08600000000000001, 0.08600000000000001, 0.076]","[-0.107, 0.026000000000000002, 0.021, 0.016, 0.016, 0.021, 0.026000000000000002, -0.107, 0.024, 0.02, 0.02, 0.024]","[0.11570000000000001, 0.1531, 0.1527, 0.1988, 0.1988, 0.1527, 0.1532, 0.11620000000000001, 0.23820000000000002, 0.23800000000000002, 0.23800000000000002, 0.23820000000000002]","[1.223, 2.9779999999999998, 2.996, 2.92, 2.92, 2.996, 2.9779999999999998, 1.223, 0.926, 0.926, 0.926, 0.926]","[22.148, 8.415, 8.808, 8.786, 8.786, 8.808, 8.415, 22.148, 2.291, 2.355, 2.355, 2.291]","[0.0218, 0.0102, 0.0089, 0.009600000000000001, 0.009600000000000001, 0.0089, 0.0102, 0.0218, 0.0001, 0.0001, 0.0001, 0.0001]","[19.6414, 29.6716, 23.6761, 21.8468, 21.6144, 23.925, 29.9246, 19.6968, 15.8829, 13.572, 13.6727, 15.6504]","[None, None, None, None, None, None, None, None, None, None, None, None]","[None, None, None, None, None, None, None, None, None, None, None, None]",10.4395,-9.9765,0.463,8.996,-0.367,2.3556,293.8039,-3.9,-0.77,-9.209,105.6072,0.10160000000000001,9.363,0.1068,181.129,168.9103,-4.3145,0.9941000000000001,9.9901,1.3611,94.51
mol_104,ClCCl,"[0.1216, -0.2995, 0.1217, 0.0281, 0.0281]","[73.5399, 8.6802, 73.6799, 20.78, 20.78]","[None, None, None, None, None]","[0.0, 0.0, 0.0, -0.46, -0.46]","[0.332, 0.019, 0.332, 0.158, 0.158]","[0.385, -0.066, 0.385, 0.148, 0.148]","[0.11280000000000001, -0.003, 0.11280000000000001, 0.049800000000000004, 0.049800000000000004]","[0.20980000000000001, 0.012, 0.20980000000000001, 0.0998, 0.0998]","[-3.8572, 0.6612, -3.8572, -1.4828000000000001, -1.4828000000000001]","[0.359, -0.023, 0.359, 0.153, 0.153]","[-0.053, 0.085, -0.053, 0.01, 0.01]","[0.2929, 0.4519, 0.2929, 0.2079, 0.2079]","[1.013, 3.626, 1.013, 0.925, 0.925]","[15.582, 6.352, 15.582, 2.092, 2.092]","[0.002, 0.001, 0.002, 0.0001, 0.0001]","[14.6058, 19.852, 14.5848, 13.0043, 13.0027]","[None, None, None, None, None]","[None, None, None, None, None]",12.4877,-11.3735,1.1141,10.0188,-2.1696,1.3916,197.4599,-3.45,-0.93,-8.6356,41.6999,0.0051,12.1884,0.082,104.5377,85.2557,-3.9246,0.6319,10.6507,2.8015,142.02
mol_1045,Sc1ccccc1,"[0.2506, -0.1686, -0.07150000000000001, -0.0371, -0.0476, -0.035300000000000005, -0.0668, -0.0333, 0.038400000000000004, 0.044700000000000004, 0.042300000000000004, 0.0448, 0.0395]","[61.2798, 5.2001, 14.7303, 16.3904, 16.5504, 16.4104, 14.5803, 17.29, 16.47, 22.4799, 22.5399, 22.4799, 18.49]","[None, None, None, None, None, None, None, None, None, None, None, None, None]","[0.0, 0.0, 0.0, 0.0, 0.0, 0.0, 0.0, -0.9500000000000001, -0.04, -0.05, -0.04, -0.04, -0.03]","[0.251, 0.038, 0.042, 0.047, 0.054, 0.049, 0.041, 0.05, 0.081, 0.088, 0.09, 0.088, 0.08]","[0.457, -0.005, 0.027, 0.029, 0.06, 0.027, 0.03, 0.042, 0.058, 0.069, 0.077, 0.069, 0.058]","[0.11270000000000001, 0.008400000000000001, 0.0134, 0.0146, 0.0199, 0.0149, 0.0131, 0.016800000000000002, 0.026000000000000002, 0.029300000000000003, 0.030600000000000002, 0.029300000000000003, 0.025900000000000003]","[0.15230000000000002, 0.023100000000000002, 0.025500000000000002, 0.0285, 0.0328, 0.0297, 0.024900000000000002, 0.0303, 0.0492, 0.0534, 0.0546, 0.0534, 0.0485]","[-3.7608, 0.041100000000000005, -0.2222, -0.2386, -0.4938, -0.2222, -0.2469, -0.3456, -0.4773, -0.5678000000000001, -0.6337, -0.5678000000000001, -0.4773]","[0.354, 0.016, 0.035, 0.038, 0.057, 0.038, 0.035, 0.046, 0.069, 0.079, 0.084, 0.079, 0.069]","[-0.20600000000000002, 0.043000000000000003, 0.015, 0.018000000000000002, -0.006, 0.022, 0.011, 0.008, 0.023, 0.019, 0.013000000000000001, 0.019, 0.022]","[0.38870000000000005, 0.10200000000000001, 0.1269, 0.1839, 0.1967, 0.18380000000000002, 0.1448, 0.1273, 0.24580000000000002, 0.2412, 0.2394, 0.2409, 0.2431]","[1.982, 2.968, 2.952, 2.922, 2.919, 2.9210000000000003, 2.9699999999999998, 0.923, 0.926, 0.926, 0.926, 0.926, 0.926]","[20.704, 8.471, 8.838, 8.784, 8.808, 8.782, 8.818, 1.778, 2.5060000000000002, 2.474, 2.482, 2.465, 2.431]","[0.0246, 0.0074, 0.0086, 0.006500000000000001, 0.0091, 0.0064, 0.0086, 0.00030000000000000003, 0.0001, 0.0001, 0.0001, 0.0001, 0.0001]","[17.488, 27.226, 23.5303, 21.169, 20.9615, 21.2892, 22.8672, 14.885, 15.1991, 13.3957, 13.3267, 13.3539, 15.0315]","[None, None, None, None, None, None, None, None, None, None, None, None, None]","[None, None, None, None, None, None, None, None, None, None, None, None, None]",10.9609,-8.993500000000001,1.9673,8.2293,-1.3943,1.129,264.8915,-1.47,-1.15,-8.244,87.3395,0.0719,9.6236,0.1039,160.4986,143.5431,-3.4175,0.6068,8.8361,2.0011,96.66
mol_1048,CSSC,"[-0.2656, 0.1588, 0.1588, -0.26580000000000004, 0.033600000000000005, 0.0413, 0.032, 0.032100000000000004, 0.0413, 0.0334]","[19.3105, 44.4499, 44.4799, 19.3005, 15.32, 21.5599, 19.28, 19.28, 21.5499, 15.29]","[None, None, None, None, None, None, None, None, None, None]","[0.0, 0.0, 0.0, 0.0, -0.09, -0.16, -0.11, -0.11, -0.16, -0.09]","[-0.07100000000000001, 0.382, 0.382, -0.07100000000000001, 0.061, 0.065, 0.062, 0.062, 0.065, 0.061]","[-0.063, 0.357, 0.357, -0.063, 0.069, 0.07100000000000001, 0.066, 0.066, 0.07100000000000001, 0.069]","[-0.0258, 0.1413, 0.1413, -0.0258, 0.0239, 0.0252, 0.0238, 0.0238, 0.0252, 0.0239]","[-0.048, 0.258, 0.258, -0.048, 0.0412, 0.0439, 0.0419, 0.0419, 0.0439, 0.0412]","[0.5252, -2.976, -2.976, 0.5252, -0.5752, -0.5919, -0.5502, -0.5502, -0.5919, -0.5752]","[-0.067, 0.37, 0.37, -0.067, 0.065, 0.068, 0.064, 0.064, 0.068, 0.065]","[-0.008, 0.025, 0.025, -0.008, -0.008, -0.006, -0.004, -0.004, -0.006, -0.008]","[0.2687, 0.6471, 0.6467, 0.2687, 0.1558, 0.1636, 0.1645, 0.1645, 0.1635, 0.1558]","[3.746, 1.948, 1.948, 3.746, 0.925, 0.925, 0.925, 0.925, 0.925, 0.925]","[6.643, 20.325, 20.324, 6.643, 2.37, 2.311, 2.325, 2.325, 2.311, 2.37]","[0.0017000000000000001, 0.0369, 0.0369, 0.0017000000000000001, 0.0005, 0.0002, 0.0005, 0.0005, 0.0002, 0.0005]","[18.4133, 18.6549, 18.5698, 18.5299, 14.4858, 12.6223, 14.1821, 13.9422, 12.3725, 14.7549]","[None, None, None, None, None, None, None, None, None, None]","[None, None, None, None, None, None, None, None, None, None]",12.5784,-9.8578,2.7207,8.3361,-1.1694,2.2243,239.8204,-0.48,-0.74,-8.4113,67.9479,0.0796,9.5055,0.1052,143.347,124.4043,-3.5834,0.6754,9.0115,1.8448,87.9
mol_1050,Clc1ccccc1Br,"[0.14880000000000002, -0.1605, -0.0477, -0.0316, -0.0328, -0.0466, -0.1545, 0.13540000000000002, 0.046400000000000004, 0.0487, 0.0489, 0.0455]","[61.1299, 5.5401, 14.9103, 16.3704, 16.5004, 14.5803, 5.1301, 71.1512, 18.84, 22.4599, 22.4599, 18.21]","[None, None, None, None, None, None, None, None, None, None, None, None]","[0.0, 0.0, 0.0, 0.0, 0.0, 0.0, 0.0, -0.09, -0.16, -0.18, -0.18, -0.14]","[0.149, 0.053, 0.045, 0.064, 0.053, 0.047, 0.06, 0.159, 0.09, 0.097, 0.094, 0.088]","[0.269, 0.027, 0.021, 0.043000000000000003, 0.048, 0.019, 0.033, 0.265, 0.064, 0.074, 0.075, 0.062]","[0.08, 0.02, 0.016800000000000002, 0.0257, 0.0224, 0.0171, 0.0227, 0.08270000000000001, 0.0362, 0.039400000000000004, 0.0391, 0.0354]","[0.1355, 0.0482, 0.0409, 0.0582, 0.0482, 0.0427, 0.0546, 0.1446, 0.0818, 0.0882, 0.0855, 0.08]","[-2.3916, -0.24, -0.1867, -0.38230000000000003, -0.4267, -0.1689, -0.2934, -2.356, -0.5690000000000001, -0.6579, -0.6668000000000001, -0.5512]","[0.209, 0.04, 0.033, 0.054, 0.05, 0.033, 0.046, 0.212, 0.077, 0.085, 0.085, 0.075]","[-0.12, 0.026000000000000002, 0.024, 0.021, 0.005, 0.028, 0.027, -0.106, 0.026000000000000002, 0.023, 0.019, 0.026000000000000002]","[0.1781, 0.2993, 0.1505, 0.1967, 0.198, 0.1489, 0.1648, 0.0998, 0.2422, 0.2388, 0.23870000000000002, 0.2399]","[1.027, 2.95, 2.957, 2.92, 2.92, 2.998, 2.9450000000000003, 1.1320000000000001, 0.926, 0.926, 0.926, 0.926]","[15.569, 8.356, 8.826, 8.784, 8.795, 8.806000000000001, 8.418, 22.16, 2.283, 2.344, 2.349, 2.277]","[0.01, 0.0085, 0.008, 0.0089, 0.0081, 0.008400000000000001, 0.009000000000000001, 0.0217, 0.0001, 0.0001, 0.0001, 0.0001]","[17.711, 28.2021, 22.8134, 21.5775, 21.4395, 23.4424, 28.8498, 19.1955, 14.9549, 13.4695, 13.392, 15.7314]","[None, None, None, None, None, None, None, None, None, None, None, None]","[None, None, None, None, None, None, None, None, None, None, None, None]",10.6283,-9.8665,0.7618,8.8906,-0.5868,2.3139,287.2827,-3.93,-0.75,-9.0624,98.9677,0.083,9.4774,0.10550000000000001,174.2678,160.7603,-4.1519,0.9094000000000001,9.8,1.4962,96.64
mol_1058,Cc1ccccc1,"[-0.1482, 0.0017000000000000001, -0.0526, -0.0448, -0.050100000000000006, -0.0448, -0.0526, 0.0562, 0.0606, 0.0562, 0.0431, 0.0444, 0.043300000000000005, 0.0444, 0.0431]","[17.0904, 4.7600999999999996, 14.4103, 16.4604, 16.5304, 16.4004, 14.4303, 18.25, 22.1499, 18.23, 18.2, 22.4599, 22.4799, 22.4799, 18.1]","[None, None, None, None, None, None, None, None, None, None, None, None, None, None, None]","[0.0, 0.0, 0.0, 0.0, 0.0, 0.0, 0.0, -0.05, -0.08, -0.05, -0.02, -0.02, -0.02, -0.02, -0.02]","[-0.035, 0.082, 0.055, 0.058, 0.06, 0.058, 0.055, 0.054, 0.063, 0.054, 0.098, 0.099, 0.1, 0.099, 0.098]","[-0.025, 0.078, 0.04, 0.037, 0.078, 0.037, 0.04, 0.085, 0.129, 0.085, 0.079, 0.083, 0.092, 0.083, 0.079]","[-0.0098, 0.0251, 0.015300000000000001, 0.0159, 0.0206, 0.0159, 0.015300000000000001, 0.020300000000000002, 0.026600000000000002, 0.020300000000000002, 0.028300000000000002, 0.0291, 0.0302, 0.0291, 0.028300000000000002]","[-0.0183, 0.0429, 0.0287, 0.0303, 0.031400000000000004, 0.0303, 0.0287, 0.028200000000000003, 0.0329, 0.028200000000000003, 0.0512, 0.0517, 0.0523, 0.0517, 0.0512]","[0.2194, -0.6846, -0.3511, -0.3247, -0.6846, -0.3247, -0.3511, -0.746, -1.1322, -0.746, -0.6934, -0.7285, -0.8074, -0.7285, -0.6934]","[-0.03, 0.08, 0.047, 0.048, 0.069, 0.048, 0.047, 0.07, 0.096, 0.07, 0.088, 0.091, 0.096, 0.091, 0.088]","[-0.01, 0.004, 0.015, 0.021, -0.018000000000000002, 0.021, 0.015, -0.031, -0.066, -0.031, 0.019, 0.016, 0.008, 0.016, 0.019]","[0.30970000000000003, 0.2519, 0.1584, 0.1928, 0.1935, 0.1928, 0.1584, 0.139, 0.1463, 0.139, 0.2326, 0.2394, 0.24130000000000001, 0.2394, 0.2326]","[3.758, 2.966, 2.926, 2.919, 2.92, 2.919, 2.926, 0.925, 0.924, 0.925, 0.926, 0.926, 0.926, 0.926, 0.926]","[6.782, 8.619, 8.828, 8.796, 8.809, 8.796, 8.828, 2.436, 2.406, 2.436, 2.532, 2.534, 2.5380000000000003, 2.534, 2.532]","[0.0005, 0.005200000000000001, 0.0051, 0.0048000000000000004, 0.0053, 0.0048000000000000004, 0.0051, 0.0002, 0.0005, 0.0002, 0.0002, 0.0002, 0.0002, 0.0002, 0.0002]","[19.0985, 24.8951, 22.1721, 20.873, 20.601, 20.8553, 22.0315, 12.9383, 13.0138, 13.0496, 14.1577, 13.1415, 13.0512, 13.2461, 14.1805]","[None, None, None, None, None, None, None, None, None, None, None, None, None, None, None]","[None, None, None, None, None, None, None, None, None, None, None, None, None, None, None]",11.4784,-9.5412,1.9372,8.7766,-2.0486,0.4102,262.432,-0.8200000000000001,-0.30000000000000004,-8.2538,79.4059,0.032600000000000004,10.8252,0.09240000000000001,159.8689,140.5713,-3.364,0.5227,9.2993,2.5713,109.34
mol_106,COC=O,"[-0.0656, -0.0035, -0.0217, -0.1413, 0.06330000000000001, 0.0609, 0.0609, 0.046900000000000004]","[20.5105, 23.6891, 22.4305, 44.4883, 22.7399, 18.86, 18.87, 23.3499]","[None, None, None, None, None, None, None, None]","[0.0, -0.07, -0.07, -0.35000000000000003, -0.31, -0.16, -0.16, -0.07]","[-0.055, 0.154, 0.165, 0.325, 0.08600000000000001, 0.059000000000000004, 0.059000000000000004, 0.20600000000000002]","[-0.029, 0.158, 0.002, 0.28400000000000003, 0.13, 0.11900000000000001, 0.11900000000000001, 0.216]","[-0.0137, 0.046400000000000004, 0.0323, 0.09290000000000001, 0.0303, 0.0239, 0.0239, 0.0625]","[-0.0333, 0.0932, 0.0998, 0.1966, 0.052000000000000005, 0.0357, 0.0357, 0.1246]","[0.3145, -1.7135, -0.0217, -3.08, -1.4099, -1.2906, -1.2906, -2.3426]","[-0.042, 0.156, 0.084, 0.305, 0.108, 0.089, 0.089, 0.211]","[-0.026000000000000002, -0.004, 0.163, 0.041, -0.044, -0.06, -0.06, -0.01]","[0.5535, 0.46530000000000005, 0.44220000000000004, 0.341, 0.1458, 0.13140000000000002, 0.13140000000000002, 0.23550000000000001]","[3.66, 1.703, 2.6710000000000003, 0.856, 0.925, 0.924, 0.924, 0.923]","[6.484, 5.718, 7.549, 6.161, 2.224, 2.26, 2.26, 2.504]","[0.0002, 0.0013000000000000002, 0.0034000000000000002, 0.0051, 0.0001, 0.0001, 0.0001, 0.0008]","[15.654, 14.6043, 15.8793, 12.3065, 10.354, 11.7021, 11.787700000000001, 10.537700000000001]","[None, None, None, None, None, None, None, None]","[None, None, None, None, None, None, None, None]",13.5876,-10.7672,2.8204000000000002,10.8452,-2.7373000000000003,2.1939,194.9382,-3.4,-1.23,-9.2416,35.1607,0.0112,13.5825,0.0736,103.6302,80.7494,-4.054,0.605,11.4502,3.3423,129.97
mol_1067,CCCC=O,"[-0.13670000000000002, -0.08020000000000001, -0.09770000000000001, 0.0342, -0.1119, 0.050100000000000006, 0.0505, 0.0516, 0.0482, 0.0454, 0.0577, 0.057800000000000004, 0.031200000000000002]","[16.7495, 4.6547, 4.8725000000000005, 14.5369, 47.7522, 16.4991, 20.4351, 20.4786, 18.4686, 17.8851, 17.4884, 18.2595, 20.2671]","[None, None, None, None, None, None, None, None, None, None, None, None, None]","[0.0, 0.0, 0.0, -0.03, -0.3403, -0.0317, -0.047900000000000005, -0.0425, -0.0441, -0.0407, -0.15710000000000002, -0.16440000000000002, -0.02]","[-0.0213, -0.014, -0.030600000000000002, 0.1686, 0.3322, 0.013800000000000002, 0.0366, 0.0352, 0.040400000000000005, 0.0398, 0.10300000000000001, 0.1043, 0.19210000000000002]","[-0.0196, -0.0097, 0.0074, 0.0134, 0.2189, 0.0926, 0.0813, 0.0886, 0.1004, 0.0974, 0.0848, 0.0806, 0.1637]","[-0.0066, -0.0039000000000000003, -0.0055000000000000005, 0.036500000000000005, 0.09280000000000001, 0.0128, 0.0164, 0.016900000000000002, 0.0193, 0.0188, 0.030500000000000003, 0.0304, 0.0577]","[-0.0122, -0.008, -0.0175, 0.09680000000000001, 0.1907, 0.0079, 0.0212, 0.0201, 0.0233, 0.0228, 0.0591, 0.059800000000000006, 0.11030000000000001]","[0.1837, 0.0912, -0.06910000000000001, -0.1252, -2.0532, -0.8679, -0.7622, -0.8309000000000001, -0.9425, -0.9115000000000001, -0.7951, -0.7558, -1.5346000000000002]","[-0.0206, -0.0118, -0.0114, 0.0908, 0.2757, 0.0529, 0.059000000000000004, 0.0618, 0.0704, 0.06860000000000001, 0.09380000000000001, 0.09240000000000001, 0.178]","[-0.0017000000000000001, -0.004200000000000001, -0.0379, 0.1553, 0.11320000000000001, -0.07880000000000001, -0.044700000000000004, -0.053500000000000006, -0.0601, -0.057600000000000005, 0.0182, 0.023700000000000002, 0.0284]","[0.4585, 0.48450000000000004, 0.38570000000000004, 0.3266, 0.3151, 0.131, 0.1353, 0.1325, 0.1522, 0.1529, 0.1683, 0.16820000000000002, 0.2177]","[3.7519, 3.8018, 3.8029, 2.7573, 0.856, 0.925, 0.925, 0.925, 0.924, 0.924, 0.924, 0.924, 0.9216000000000001]","[6.7752, 6.6014, 6.6974, 7.9254999999999995, 6.0232, 2.4499, 2.4638, 2.4463, 2.4202, 2.451, 2.2775, 2.2855, 2.6245000000000003]","[0.001, 0.0014, 0.0036000000000000003, 0.0164, 0.02, 0.00030000000000000003, 0.00030000000000000003, 0.00030000000000000003, 0.0005, 0.0004, 0.0007, 0.0007, 0.0031000000000000003]","[17.8488, 21.1656, 21.9526, 18.2732, 12.9414, 13.1988, 12.0654, 12.1353, 13.8098, 13.817, 13.9802, 13.6757, 12.461500000000001]","[None, None, None, None, None, None, None, None, None, None, None, None, None]","[None, None, None, None, None, None, None, None, None, None, None, None, None]",11.66,-10.1265,1.5335,9.374600000000001,-2.1112,2.8582,238.347,-3.2175,-0.9166000000000001,-9.0623,53.4416,0.0487,11.4858,0.08700000000000001,141.898,118.4454,-3.6317,0.5742,9.9488,2.6854,97.1739
mol_1069,CCCC,"[-0.1418, -0.09040000000000001, -0.09040000000000001, -0.1418, 0.0488, 0.05, 0.0478, 0.043000000000000003, 0.0427, 0.0427, 0.043000000000000003, 0.05, 0.0488, 0.0478]","[16.8841, 4.3042, 4.2874, 16.8127, 19.9694, 21.4204, 17.8537, 18.3955, 17.5622, 17.5387, 18.4009, 21.3824, 19.9447, 17.8197]","[None, None, None, None, None, None, None, None, None, None, None, None, None, None]","[0.0, 0.0, 0.0, 0.0, -0.03, -0.03, -0.0273, -0.02, -0.02, -0.02, -0.02, -0.03, -0.03, -0.0273]","[-0.0012000000000000001, 0.038200000000000005, 0.038200000000000005, -0.0012000000000000001, 0.0889, 0.1202, 0.0751, 0.0902, 0.0888, 0.0888, 0.0902, 0.1202, 0.0889, 0.0751]","[-0.0263, -0.0109, -0.0109, -0.0263, 0.09430000000000001, 0.0857, 0.0999, 0.12990000000000002, 0.1277, 0.1277, 0.12990000000000002, 0.0857, 0.09430000000000001, 0.0999]","[0.00030000000000000003, -0.00030000000000000003, -0.00030000000000000003, 0.00030000000000000003, -0.0023, -0.0025, -0.0021000000000000003, -0.0027, -0.0026000000000000003, -0.0026000000000000003, -0.0027, -0.0025, -0.0023, -0.0021000000000000003]","[-0.0, 0.0002, 0.0002, -0.0, 0.0006000000000000001, 0.0007, 0.0004, 0.0006000000000000001, 0.0006000000000000001, 0.0006000000000000001, 0.0006000000000000001, 0.0007, 0.0006000000000000001, 0.0004]","[0.24760000000000001, 0.1028, 0.1028, 0.24760000000000001, -0.8866, -0.8064, -0.9393, -1.2214, -1.2014, -1.2014, -1.2214, -0.8064, -0.8866, -0.9393]","[-0.0134, 0.013300000000000001, 0.013300000000000001, -0.0134, 0.0917, 0.1027, 0.08750000000000001, 0.1097, 0.1078, 0.1078, 0.1097, 0.1027, 0.0917, 0.08750000000000001]","[0.0252, 0.049100000000000005, 0.049100000000000005, 0.0252, -0.0054, 0.0345, -0.024800000000000003, -0.0397, -0.038900000000000004, -0.038900000000000004, -0.0397, 0.0345, -0.0054, -0.024800000000000003]","[0.4451, 0.4768, 0.4768, 0.4451, 0.13340000000000002, 0.1353, 0.13140000000000002, 0.15030000000000002, 0.1506, 0.1506, 0.1504, 0.1353, 0.13340000000000002, 0.13140000000000002]","[3.7517, 3.8007, 3.8007, 3.7517, 0.925, 0.925, 0.925, 0.924, 0.924, 0.924, 0.924, 0.925, 0.925, 0.925]","[6.7655, 6.6065000000000005, 6.6065000000000005, 6.7655, 2.5015, 2.4982, 2.4917, 2.5276, 2.5212, 2.5212, 2.5276, 2.4982, 2.5015, 2.4917]","[0.0, 0.0, 0.0, 0.0, 0.0, 0.0, 0.0, 0.0, 0.0, 0.0, 0.0, 0.0, 0.0, 0.0]","[17.6751, 21.5825, 21.9521, 17.5024, 12.2135, 11.7843, 12.7267, 13.6723, 13.9711, 13.9329, 13.7164, 11.9036, 12.23, 12.6024]","[None, None, None, None, None, None, None, None, None, None, None, None, None, None]","[None, None, None, None, None, None, None, None, None, None, None, None, None, None]",15.6647,-11.413,4.2517,9.4055,-10.3694,0.001,232.5758,-0.0847,-0.2373,-4.475,51.8233,0.0,19.7749,0.0506,142.6717,118.5404,0.48190000000000005,0.006,9.4115,10.3754,323.0371
mol_1070,COc1ccccc1O,"[-0.0925, -0.042, -0.0172, -0.0645, -0.0509, -0.0497, -0.0526, -0.0037, -0.0478, 0.0626, 0.053500000000000006, 0.053500000000000006, 0.0424, 0.044500000000000005, 0.0448, 0.0495, 0.0702]","[18.9804, 11.4096, 6.5602, 12.0603, 16.3904, 16.3804, 15.6204, 7.3002, 36.5586, 22.6399, 17.58, 17.6, 12.39, 22.3699, 22.4999, 20.3, 12.55]","[None, None, None, None, None, None, None, None, None, None, None, None, None, None, None, None, None]","[0.0, -0.06, -0.01, 0.0, 0.0, 0.0, 0.0, -0.01, -0.25, -0.15, -0.05, -0.05, -0.04, -0.05, -0.05, -0.07, -2.7]","[-0.029, 0.056, 0.067, 0.069, 0.049, 0.054, 0.07, 0.059000000000000004, 0.065, 0.05, 0.028, 0.028, 0.098, 0.096, 0.097, 0.099, 0.045]","[-0.036000000000000004, 0.117, 0.047, 0.02, 0.056, 0.05, 0.028, 0.055, 0.123, 0.06, 0.066, 0.066, 0.066, 0.08, 0.08, 0.073, 0.049]","[-0.009600000000000001, 0.023, 0.0179, 0.015600000000000001, 0.0155, 0.015700000000000002, 0.0165, 0.0172, 0.025500000000000002, 0.016, 0.0123, 0.0123, 0.025900000000000003, 0.027, 0.0274, 0.0269, 0.013900000000000001]","[-0.0132, 0.025400000000000002, 0.0304, 0.0313, 0.0222, 0.0245, 0.0318, 0.0268, 0.029500000000000002, 0.0227, 0.012700000000000001, 0.012700000000000001, 0.044500000000000005, 0.0436, 0.044, 0.0449, 0.0204]","[0.2923, -0.9499000000000001, -0.3816, -0.16240000000000002, -0.45470000000000005, -0.406, -0.2273, -0.4465, -0.9986, -0.48710000000000003, -0.5359, -0.5359, -0.5359, -0.6495000000000001, -0.6495000000000001, -0.5927, -0.39780000000000004]","[-0.033, 0.08600000000000001, 0.057, 0.045, 0.053, 0.052000000000000005, 0.049, 0.057, 0.094, 0.055, 0.047, 0.047, 0.082, 0.088, 0.089, 0.08600000000000001, 0.047]","[0.007, -0.061, 0.02, 0.049, -0.007, 0.004, 0.042, 0.004, -0.058, -0.01, -0.038, -0.038, 0.032, 0.016, 0.017, 0.026000000000000002, -0.004]","[0.5724, 0.4383, 0.46440000000000003, 0.1572, 0.2358, 0.22510000000000002, 0.1913, 0.502, 0.368, 0.14300000000000002, 0.1242, 0.12430000000000001, 0.2379, 0.2361, 0.23700000000000002, 0.23520000000000002, 0.1819]","[3.643, 1.704, 2.864, 2.917, 2.9210000000000003, 2.919, 2.919, 2.846, 1.659, 0.925, 0.924, 0.924, 0.926, 0.926, 0.926, 0.926, 0.805]","[6.464, 5.862, 8.308, 8.933, 8.847, 8.834, 8.897, 8.23, 6.13, 2.334, 2.449, 2.449, 2.47, 2.48, 2.456, 2.3529999999999998, 1.291]","[0.0001, 0.0033, 0.006500000000000001, 0.0058000000000000005, 0.0067, 0.006200000000000001, 0.006200000000000001, 0.0066, 0.0037, 0.0, 0.0002, 0.0002, 0.0001, 0.0001, 0.0001, 0.0001, 0.0]","[17.1863, 19.939, 25.5439, 22.9318, 20.9459, 20.9486, 21.384, 23.5898, 15.068, 11.3255, 13.5881, 13.6091, 15.2703, 13.3563, 13.2447, 13.6604, 13.8688]","[None, None, None, None, None, None, None, None, None, None, None, None, None, None, None, None, None]","[None, None, None, None, None, None, None, None, None, None, None, None, None, None, None, None, None]",10.959,-8.829,2.13,8.119,-2.0441,2.8277,289.19,-5.57,-3.55,-7.9889,88.7858,0.0458,10.1631,0.0984,177.5973,159.3683,-3.0374,0.4539,8.5729,2.498,100.54
mol_1076,ICI,"[0.15760000000000002, -0.32280000000000003, 0.1577, 0.0037, 0.0037]","[93.3521, 6.9002, 93.4221, 19.33, 19.36]","[None, None, None, None, None]","[-0.04, 0.0, -0.04, -0.15, -0.15]","[0.335, 0.046, 0.334, 0.14200000000000002, 0.14200000000000002]","[0.393, -0.033, 0.393, 0.123, 0.123]","[0.1623, 0.0117, 0.1622, 0.0636, 0.0636]","[0.3672, 0.0504, 0.36610000000000004, 0.15560000000000002, 0.15560000000000002]","[-3.8694, 0.3249, -3.8694, -1.211, -1.211]","[0.364, 0.007, 0.364, 0.133, 0.133]","[-0.058, 0.079, -0.059000000000000004, 0.019, 0.019]","[0.1822, 0.2305, 0.1824, 0.22890000000000002, 0.22890000000000002]","[1.363, 3.763, 1.363, 0.9400000000000001, 0.9400000000000001]","[33.584, 6.386, 33.584, 2.242, 2.242]","[0.0317, 0.0132, 0.0317, 0.0006000000000000001, 0.0006000000000000001]","[20.3541, 26.4373, 20.321, 17.2577, 16.9791]","[None, None, None, None, None]","[None, None, None, None, None]",10.2493,-10.1498,0.0995,9.8457,-0.3779,1.0344,232.3643,-2.64,-0.4,-9.6289,78.0384,0.07780000000000001,10.2236,0.0978,136.6712,123.9215,-4.7339,1.096,10.9417,1.4739,93.4
mol_1082,CC=CC=O,"[-0.1395, 0.0256, -0.0546, -0.0021000000000000003, -0.1326, 0.0659, 0.0656, 0.057800000000000004, 0.0432, 0.043500000000000004, 0.0273]","[19.6795, 12.6767, 14.4643, 19.3511, 50.6399, 22.3585, 22.1715, 18.124, 16.809, 17.367, 19.9189]","[None, None, None, None, None, None, None, None, None, None, None]","[0.0, 0.0, 0.0, -0.03, -0.40790000000000004, -0.21, -0.20670000000000002, -0.096, -0.0946, -0.1028, -0.01]","[-0.042, 0.124, 0.049, 0.0717, 0.2338, 0.085, 0.08420000000000001, 0.060200000000000004, 0.0995, 0.1047, 0.13090000000000002]","[-0.014400000000000001, 0.0476, 0.049100000000000005, 0.0184, 0.26630000000000004, 0.10210000000000001, 0.1019, 0.0658, 0.06860000000000001, 0.0932, 0.2015]","[-0.0158, 0.0468, 0.022, 0.0258, 0.11, 0.040600000000000004, 0.040400000000000005, 0.0281, 0.0412, 0.046200000000000005, 0.06810000000000001]","[-0.042800000000000005, 0.1263, 0.0499, 0.0731, 0.2384, 0.08660000000000001, 0.0859, 0.0614, 0.1014, 0.1067, 0.13340000000000002]","[0.136, -0.44970000000000004, -0.4641, -0.1739, -2.5178000000000003, -0.9652000000000001, -0.9635, -0.6219, -0.6489, -0.8817, -1.905]","[-0.0287, 0.0859, 0.0485, 0.044700000000000004, 0.25, 0.0935, 0.0931, 0.06330000000000001, 0.0839, 0.0993, 0.16640000000000002]","[-0.027600000000000003, 0.07640000000000001, -0.0001, 0.0533, -0.0325, -0.0171, -0.0177, -0.0055000000000000005, 0.0308, 0.0115, -0.07050000000000001]","[0.3427, 0.41500000000000004, 0.1993, 0.28390000000000004, 0.3382, 0.15330000000000002, 0.1532, 0.14550000000000002, 0.25120000000000003, 0.2459, 0.22260000000000002]","[3.7556000000000003, 2.8926, 2.8896, 2.7653, 0.8566, 0.925, 0.925, 0.925, 0.925, 0.926, 0.922]","[6.7887, 8.685, 8.9351, 7.9489, 6.0705, 2.2883, 2.2897, 2.3523, 2.3377, 2.3268, 2.6624]","[0.002, 0.0268, 0.0171, 0.0253, 0.050800000000000005, 0.0015, 0.0015, 0.0002, 0.0004, 0.0008, 0.0088]","[18.0949, 20.003, 19.7829, 17.5503, 12.5365, 11.6413, 11.5315, 12.3422, 13.9077, 13.5574, 12.2442]","[None, None, None, None, None, None, None, None, None, None, None]","[None, None, None, None, None, None, None, None, None, None, None]",9.9775,-9.8244,0.1531,9.4558,-0.463,4.0133,233.5604,-5.2731,-1.1756,-9.3545,52.6867,0.13540000000000002,9.9187,0.1008,132.4532,108.1429,-4.4964,1.0192,10.475,1.4822,75.4831
mol_1083,CN(C)C(=O)N(C)C ,"[-0.1263, 0.083, -0.1365, -0.1158, -0.1952, 0.0845, -0.13570000000000002, -0.12610000000000002, 0.0534, 0.0653, 0.0519, 0.0533, 0.0548, 0.055200000000000006, 0.0534, 0.0548, 0.055400000000000005, 0.0654, 0.0519, 0.0533]","[16.1204, 0.93, 13.6703, 5.9901, 31.5988, 0.9400000000000001, 13.7003, 16.1004, 19.54, 14.4, 18.73, 18.07, 17.7, 9.63, 18.13, 17.7, 9.69, 14.39, 18.71, 19.5]","[None, None, None, None, None, None, None, None, None, None, None, None, None, None, None, None, None, None, None, None]","[0.0, 0.0, 0.0, -0.06, -0.39, 0.0, 0.0, 0.0, -0.1, -0.07, -0.04, -0.09, -0.07, -0.07, -0.09, -0.07, -0.07, -0.07, -0.04, -0.1]","[-0.043000000000000003, 0.083, -0.033, 0.16, 0.227, 0.083, -0.033, -0.043000000000000003, 0.062, 0.025, 0.054, 0.062, 0.063, 0.032, 0.062, 0.063, 0.032, 0.025, 0.054, 0.062]","[-0.04, 0.129, -0.041, -0.002, 0.107, 0.129, -0.041, -0.04, 0.076, 0.048, 0.09, 0.074, 0.075, 0.036000000000000004, 0.074, 0.075, 0.036000000000000004, 0.048, 0.09, 0.076]","[-0.0081, 0.0199, -0.0071, 0.018600000000000002, 0.035, 0.0199, -0.0071, -0.0081, 0.013300000000000001, 0.0068000000000000005, 0.0134, 0.0131, 0.013300000000000001, 0.0066, 0.0131, 0.013300000000000001, 0.0066, 0.0068000000000000005, 0.0134, 0.013300000000000001]","[-0.009600000000000001, 0.018500000000000003, -0.0073, 0.0356, 0.0505, 0.018500000000000003, -0.0073, -0.009600000000000001, 0.013800000000000002, 0.0056, 0.012, 0.013800000000000002, 0.014, 0.0071, 0.013800000000000002, 0.014, 0.0071, 0.0056, 0.012, 0.013800000000000002]","[0.32220000000000004, -1.0391, 0.33030000000000004, 0.0161, -0.8619, -1.0391, 0.33030000000000004, 0.32220000000000004, -0.6122000000000001, -0.3866, -0.7249, -0.5961000000000001, -0.6041000000000001, -0.29, -0.5961000000000001, -0.6041000000000001, -0.29, -0.3866, -0.7249, -0.6122000000000001]","[-0.041, 0.106, -0.037, 0.079, 0.167, 0.106, -0.037, -0.041, 0.069, 0.037, 0.07200000000000001, 0.068, 0.069, 0.034, 0.068, 0.069, 0.034, 0.037, 0.07200000000000001, 0.069]","[-0.003, -0.046, 0.008, 0.162, 0.12, -0.046, 0.008, -0.003, -0.014, -0.023, -0.036000000000000004, -0.012, -0.012, -0.004, -0.012, -0.012, -0.004, -0.023, -0.036000000000000004, -0.014]","[0.5037, 0.314, 0.45990000000000003, 0.1771, 0.4051, 0.3146, 0.45980000000000004, 0.503, 0.13820000000000002, 0.1213, 0.117, 0.12710000000000002, 0.12240000000000001, 0.1302, 0.1269, 0.1222, 0.1301, 0.1213, 0.1169, 0.13820000000000002]","[3.709, 2.733, 3.698, 2.718, 0.859, 2.733, 3.698, 3.709, 0.924, 0.925, 0.924, 0.924, 0.924, 0.925, 0.924, 0.924, 0.925, 0.925, 0.924, 0.924]","[6.607, 7.284, 6.63, 7.617, 6.458, 7.284, 6.63, 6.607, 2.432, 2.237, 2.459, 2.434, 2.42, 2.329, 2.434, 2.42, 2.329, 2.237, 2.459, 2.432]","[0.0001, 0.003, 0.0002, 0.004200000000000001, 0.0038, 0.003, 0.0002, 0.0001, 0.0001, 0.0, 0.0002, 0.0001, 0.0002, 0.0, 0.0001, 0.0002, 0.0, 0.0, 0.0002, 0.0001]","[18.962, 25.9646, 19.5307, 25.2462, 15.9915, 25.8053, 20.0377, 18.6328, 13.115, 13.8483, 13.5984, 13.7155, 13.5786, 16.0984, 13.9778, 13.5728, 16.3448, 13.9046, 13.6967, 13.0871]","[None, None, None, None, None, None, None, None, None, None, None, None, None, None, None, None, None, None, None, None]","[None, None, None, None, None, None, None, None, None, None, None, None, None, None, None, None, None, None, None, None]",11.7631,-8.5881,3.175,8.0549,-3.5175,3.8294,295.2398,-8.98,-1.35,-7.5151,83.7388,0.016,11.5724,0.0864,194.2105,175.1691,-2.2687,0.22240000000000001,8.2773,3.7399,127.76
mol_1089,ClCC,"[0.0857, -0.1741, -0.1432, 0.0373, 0.0374, 0.050300000000000004, 0.0565, 0.050300000000000004]","[71.7799, 7.1702, 17.3104, 20.84, 20.88, 20.04, 22.2399, 20.09]","[None, None, None, None, None, None, None, None]","[0.0, 0.0, 0.0, -0.15, -0.15, -0.09, -0.13, -0.09]","[0.46, 0.047, -0.066, 0.154, 0.154, 0.07200000000000001, 0.107, 0.07200000000000001]","[0.442, -0.039, -0.036000000000000004, 0.156, 0.156, 0.115, 0.091, 0.115]","[0.1017, 0.0031000000000000003, -0.0122, 0.0347, 0.0347, 0.02, 0.022600000000000002, 0.02]","[0.1564, 0.016, -0.0224, 0.0524, 0.0524, 0.0245, 0.0364, 0.0245]","[-4.3213, 0.38130000000000003, 0.352, -1.5252, -1.5252, -1.1243, -0.8897, -1.1243]","[0.451, 0.004, -0.051000000000000004, 0.155, 0.155, 0.094, 0.099, 0.094]","[0.018000000000000002, 0.08600000000000001, -0.03, -0.002, -0.002, -0.043000000000000003, 0.016, -0.043000000000000003]","[0.29910000000000003, 0.5021, 0.4277, 0.19240000000000002, 0.1925, 0.139, 0.1331, 0.139]","[0.917, 3.7119999999999997, 3.781, 0.925, 0.925, 0.925, 0.925, 0.925]","[15.751, 6.409, 6.782, 2.307, 2.307, 2.322, 2.37, 2.322]","[0.0013000000000000002, 0.0004, 0.0, 0.0, 0.0, 0.0, 0.0, 0.0]","[14.4506, 19.4933, 16.8841, 12.9647, 12.8129, 12.4095, 11.298, 12.4704]","[None, None, None, None, None, None, None, None]","[None, None, None, None, None, None, None, None]",12.9041,-11.0731,1.831,9.7768,-3.7175000000000002,1.704,200.3502,-2.61,-0.63,-7.6872,40.5697,0.0018000000000000002,13.4943,0.0741,112.3199,90.2405,-3.0297,0.3401,10.1169,4.0576,159.08
mol_109,CC(C)C,"[-0.1451, -0.0517, -0.1451, -0.1451, 0.0487, 0.05, 0.050100000000000006, 0.040400000000000005, 0.05, 0.0487, 0.05, 0.050100000000000006, 0.05, 0.0487]","[15.1704, 0.09, 15.1204, 15.1004, 16.51, 18.9, 18.91, 19.26, 18.91, 16.56, 18.92, 18.89, 18.92, 16.57]","[None, None, None, None, None, None, None, None, None, None, None, None, None, None]","[0.0, 0.0, 0.0, 0.0, -0.03, -0.03, -0.03, -0.01, -0.03, -0.03, -0.03, -0.03, -0.03, -0.03]","[-0.018000000000000002, 0.049, -0.018000000000000002, -0.018000000000000002, 0.08600000000000001, 0.10300000000000001, 0.10300000000000001, 0.128, 0.10300000000000001, 0.08600000000000001, 0.10300000000000001, 0.10300000000000001, 0.10300000000000001, 0.08600000000000001]","[-0.026000000000000002, 0.018000000000000002, -0.026000000000000002, -0.026000000000000002, 0.121, 0.084, 0.084, 0.192, 0.084, 0.121, 0.084, 0.084, 0.084, 0.121]","[0.0005, -0.0007, 0.0005, 0.0005, -0.0023, -0.002, -0.002, -0.0035, -0.002, -0.0023, -0.002, -0.002, -0.002, -0.0023]","[-0.0001, 0.0002, -0.0001, -0.0001, 0.0004, 0.0005, 0.0005, 0.0006000000000000001, 0.0005, 0.0004, 0.0005, 0.0005, 0.0005, 0.0004]","[0.2487, -0.17220000000000002, 0.2487, 0.2487, -1.1572, -0.8034, -0.8034, -1.8363, -0.8034, -1.1572, -0.8034, -0.8034, -0.8034, -1.1572]","[-0.022, 0.033, -0.022, -0.022, 0.10400000000000001, 0.094, 0.094, 0.16, 0.094, 0.10400000000000001, 0.094, 0.094, 0.094, 0.10400000000000001]","[0.008, 0.031, 0.008, 0.008, -0.035, 0.019, 0.019, -0.064, 0.019, -0.035, 0.019, 0.019, 0.019, -0.035]","[0.3976, 0.4157, 0.3976, 0.3976, 0.1275, 0.1296, 0.1296, 0.1731, 0.1296, 0.1275, 0.1296, 0.1296, 0.1296, 0.1274]","[3.7560000000000002, 3.849, 3.7560000000000002, 3.7560000000000002, 0.925, 0.925, 0.925, 0.924, 0.925, 0.925, 0.925, 0.925, 0.925, 0.925]","[6.775, 6.459, 6.775, 6.775, 2.481, 2.5, 2.5, 2.552, 2.5, 2.481, 2.5, 2.5, 2.5, 2.481]","[0.0, 0.0, 0.0, 0.0, 0.0, 0.0, 0.0, 0.0, 0.0, 0.0, 0.0, 0.0, 0.0, 0.0]","[18.2613, 25.9228, 18.26, 17.7978, 13.0535, 12.577, 12.4777, 14.2579, 12.5577, 13.1964, 12.5648, 12.5512, 12.563, 13.0418]","[None, None, None, None, None, None, None, None, None, None, None, None, None, None]","[None, None, None, None, None, None, None, None, None, None, None, None, None, None]",15.5163,-11.5453,3.971,9.5639,-10.4356,0.046,227.8306,-0.08,-0.25,-4.3855,51.7813,0.0,19.9995,0.05,141.502,119.1566,0.4359,0.0047,9.5686,10.4403,327.26
